league_year,player_name,proj_wins,proj_so,proj_gp
2011-2012,Al Montoya,19.0,2.0,
2011-2012,Alex Auld,5.0,0.0,
2011-2012,Alex Stalock,2.0,0.0,
2011-2012,Alexander Salak,11.0,2.0,
2011-2012,Anders Lindback,10.0,1.0,
2011-2012,Andrew Raycroft,12.0,2.0,
2011-2012,Antero Niittymaki,13.0,2.0,
2011-2012,Antti Niemi,31.0,4.0,
2011-2012,Ben Bishop,10.0,2.0,
2011-2012,Ben Scrivens,11.0,1.0,
2011-2012,Brad Thiessen,3.0,1.0,
2011-2012,Braden Holtby,3.0,1.0,
2011-2012,Brent Johnson,9.0,1.0,
2011-2012,Brian Boucher,9.0,1.0,
2011-2012,Brian Elliott,2.0,0.0,
2011-2012,Cam Ward,38.0,5.0,
2011-2012,Carey Price,42.0,8.0,
2011-2012,Cedrick Desjardins,6.0,1.0,
2011-2012,Chris Mason,11.0,1.0,
2011-2012,Corey Crawford,35.0,4.0,
2011-2012,Corey Schneider,19.0,2.0,
2011-2012,Craig Anderson,33.0,5.0,
2011-2012,Curtis McElhinney,3.0,0.0,
2011-2012,Dan Ellis,12.0,0.0,
2011-2012,Devan Dubnyk,21.0,3.0,
2011-2012,Dustin Tokarski,1.0,0.0,
2011-2012,Dwayne Roloson,33.0,4.0,
2011-2012,Eddie Lack,3.0,0.0,
2011-2012,Evgeni Nabokov,18.0,2.0,
2011-2012,Henrik Karlsson,8.0,1.0,
2011-2012,Henrik Lundqvist,36.0,8.0,
2011-2012,Iiro Tarkki,2.0,0.0,
2011-2012,Ilya Bryzgalov,41.0,4.0,
2011-2012,J-S Giguere,8.0,0.0,
2011-2012,Jacob Markstrom,2.0,0.0,
2011-2012,James Reimer,29.0,4.0,
2011-2012,Jaroslav Halak,35.0,8.0,
2011-2012,Jason Bacashihua,3.0,0.0,
2011-2012,Jason LaBarbera,15.0,1.0,
2011-2012,Jhonas Enroth,10.0,2.0,
2011-2012,Jimmy Howard,35.0,3.0,
2011-2012,Joey MacDonald,1.0,0.0,
2011-2012,Johan Hedberg,11.0,1.0,
2011-2012,Jonas Gustavsson,4.0,1.0,
2011-2012,Jonas Hiller,29.0,5.0,
2011-2012,Jonathan Bernier,15.0,3.0,
2011-2012,Jonathan Quick,34.0,5.0,
2011-2012,Jose Theodore,20.0,1.0,
2011-2012,Josh Harding,13.0,2.0,
2011-2012,Justin Peters,1.0,0.0,
2011-2012,Kari Lehtonen,28.0,3.0,
2011-2012,Kevin Poulin,1.0,0.0,
2011-2012,Marc-Andre Fleury,38.0,4.0,
2011-2012,Mark Dekanich,12.0,2.0,
2011-2012,Martin Biron,9.0,0.0,
2011-2012,Martin Brodeur,37.0,8.0,
2011-2012,Mathieu Garon,9.0,1.0,
2011-2012,Michael Leighton,6.0,1.0,
2011-2012,Michal Neuvirth,18.0,3.0,
2011-2012,Miikka Kiprusoff,35.0,5.0,
2011-2012,Mike Smith,29.0,4.0,
2011-2012,Niklas Backstrom,28.0,4.0,
2011-2012,Nikolai Khabibulin,12.0,1.0,
2011-2012,Ondrej Pavelec,22.0,3.0,
2011-2012,Pekka Rinne,35.0,6.0,
2011-2012,Peter Budaj,4.0,0.0,
2011-2012,Ray Emery,5.0,1.0,
2011-2012,Richard Bachman,4.0,1.0,
2011-2012,Rick DiPietro,17.0,2.0,
2011-2012,Roberto Luongo,38.0,4.0,
2011-2012,Robin Lehner,1.0,0.0,
2011-2012,Ryan Miller,37.0,3.0,
2011-2012,Scott Clemmensen,17.0,2.0,
2011-2012,Semyon Varlamov,26.0,3.0,
2011-2012,Sergei Bobrovsky,6.0,1.0,
2011-2012,Steve Mason,33.0,6.0,
2011-2012,Thomas Greiss,3.0,0.0,
2011-2012,Tim Thomas,34.0,8.0,
2011-2012,Tomas Vokoun,29.0,5.0,
2011-2012,Tuukka Rask,17.0,2.0,
2011-2012,Ty Conklin,13.0,1.0,
2012-2013,Al Montoya,11.0,2.0,23.0
2012-2013,Allen York,1.0,0.0,2.0
2012-2013,Anders Lindback,35.0,4.0,65.0
2012-2013,Anders Nilsson,1.0,0.0,3.0
2012-2013,Anton Khudobin,10.0,1.0,20.0
2012-2013,Antti Niemi,32.0,2.0,63.0
2012-2013,Ben Bishop,9.0,1.0,24.0
2012-2013,Ben Scrivens,21.0,4.0,44.0
2012-2013,Braden Holtby,29.0,4.0,54.0
2012-2013,Brian Elliott,21.0,4.0,37.0
2012-2013,Cam Ward,34.0,6.0,70.0
2012-2013,Carey Price,27.0,5.0,64.0
2012-2013,Cedrick Desjardins,3.0,1.0,7.0
2012-2013,Chris Mason,5.0,0.0,15.0
2012-2013,Corey Crawford,32.0,1.0,58.0
2012-2013,Cory Schneider,34.0,5.0,62.0
2012-2013,Craig Anderson,31.0,4.0,62.0
2012-2013,Devan Dubnyk,32.0,3.0,57.0
2012-2013,Eddie Lack,4.0,0.0,9.0
2012-2013,Evgeni Nabokov,24.0,3.0,47.0
2012-2013,Henrik Lundqvist,40.0,7.0,63.0
2012-2013,Igor Bobkov,1.0,0.0,2.0
2012-2013,Ilya Bryzgalov,37.0,6.0,65.0
2012-2013,J-S Giguere,13.0,1.0,28.0
2012-2013,Jacob Markstrom,5.0,1.0,8.0
2012-2013,James Reimer,18.0,3.0,37.0
2012-2013,Jaroslav Halak,29.0,8.0,48.0
2012-2013,Jason LaBarbera,7.0,0.0,26.0
2012-2013,Jhonas Enroth,10.0,1.0,22.0
2012-2013,Jimmy Howard,36.0,2.0,59.0
2012-2013,Johan Hedberg,12.0,2.0,24.0
2012-2013,Jonas Gustavsson,13.0,1.0,26.0
2012-2013,Jonas Hiller,30.0,5.0,70.0
2012-2013,Jonathan Bernier,7.0,1.0,18.0
2012-2013,Jonathan Quick,34.0,8.0,67.0
2012-2013,Jose Theodore,22.0,2.0,51.0
2012-2013,Josh Harding,17.0,2.0,32.0
2012-2013,Jussi Rynnas,3.0,0.0,8.0
2012-2013,Justin Peters,7.0,1.0,13.0
2012-2013,Kari Lehtonen,32.0,3.0,58.0
2012-2013,Keith Kinkaid,1.0,0.0,2.0
2012-2013,Kevin Poulin,15.0,1.0,35.0
2012-2013,Leland Irving,6.0,1.0,14.0
2012-2013,Marc-Andre Fleury,35.0,3.0,55.0
2012-2013,Mark Dekanich,1.0,0.0,3.0
2012-2013,Martin Biron,11.0,1.0,20.0
2012-2013,Martin Brodeur,32.0,6.0,61.0
2012-2013,Mathieu Garon,11.0,1.0,22.0
2012-2013,Matt Hackett,2.0,0.0,5.0
2012-2013,Michael Leighton,11.0,1.0,21.0
2012-2013,Michal Neuvirth,15.0,2.0,37.0
2012-2013,Miikka Kiprusoff,34.0,4.0,69.0
2012-2013,Mike Smith,34.0,7.0,59.0
2012-2013,Niklas Backstrom,30.0,3.0,52.0
2012-2013,Nikolai Khabibulin,8.0,2.0,30.0
2012-2013,Ondrej Pavelec,30.0,3.0,63.0
2012-2013,Pekka Rinne,38.0,5.0,72.0
2012-2013,Petr Budaj,3.0,0.0,12.0
2012-2013,Ray Emery,16.0,2.0,25.0
2012-2013,Richard Bachman,11.0,1.0,28.0
2012-2013,Rick DiPietro,3.0,0.0,7.0
2012-2013,Roberto Luongo,31.0,4.0,60.0
2012-2013,Robin Lehner,2.0,0.0,2.0
2012-2013,Ryan Miller,33.0,5.0,64.0
2012-2013,Scott Clemmensen,12.0,1.0,28.0
2012-2013,Semyon Varlamov,29.0,4.0,58.0
2012-2013,Sergei Bobrovsky,22.0,2.0,61.0
2012-2013,Steve Mason,9.0,0.0,25.0
2012-2013,Tomas Greiss,12.0,1.0,25.0
2012-2013,Tomas Vokoun,16.0,1.0,32.0
2012-2013,Tuukka Rask,39.0,9.0,64.0
2012-2013,Viktor Fasth,7.0,1.0,13.0
2013-2014,Al Montoya,10.0,1.0,23.0
2013-2014,Alex Stalock,10.0,1.0,19.0
2013-2014,Anders Lindback,14.0,1.0,30.0
2013-2014,Anders Nilsson,3.0,1.0,5.0
2013-2014,Anton Khudobin,12.0,1.0,21.0
2013-2014,Antti Niemi,34.0,3.0,68.0
2013-2014,Ben Bishop,31.0,4.0,57.0
2013-2014,Ben Scrivens,10.0,2.0,17.0
2013-2014,Braden Holtby,34.0,3.0,61.0
2013-2014,Brian Elliott,13.0,2.0,30.0
2013-2014,Cam Ward,32.0,2.0,63.0
2013-2014,Carey Price,35.0,4.0,68.0
2013-2014,Carter Hutton,4.0,0.0,13.0
2013-2014,Chad Johnson,11.0,1.0,19.0
2013-2014,Christopher Nihlstorp,3.0,0.0,10.0
2013-2014,Corey Crawford,42.0,5.0,62.0
2013-2014,Cory Schneider,29.0,3.0,55.0
2013-2014,Craig Anderson,33.0,5.0,65.0
2013-2014,Curtis McElhinney,7.0,0.0,20.0
2013-2014,Dan Ellis,5.0,1.0,14.0
2013-2014,Darcy Kuemper,4.0,1.0,8.0
2013-2014,Devan Dubnyk,33.0,2.0,62.0
2013-2014,Eddie Lack,10.0,1.0,17.0
2013-2014,Evgeni Nabokov,32.0,2.0,62.0
2013-2014,Henrik Lundqvist,38.0,7.0,70.0
2013-2014,J-S Giguere,10.0,0.0,23.0
2013-2014,Jacob Markstrom,15.0,2.0,31.0
2013-2014,Jake Allen,4.0,1.0,6.0
2013-2014,James Reimer,19.0,2.0,37.0
2013-2014,Jaroslav Halak,28.0,5.0,52.0
2013-2014,Jason LaBarbera,7.0,0.0,18.0
2013-2014,Jeff Zatkoff,3.0,0.0,8.0
2013-2014,Jhonas Enroth,7.0,1.0,16.0
2013-2014,Jimmy Howard,37.0,4.0,67.0
2013-2014,Joacim Eriksson,1.0,0.0,2.0
2013-2014,Joey MacDonald,8.0,0.0,22.0
2013-2014,Jonas Gustavsson,8.0,0.0,17.0
2013-2014,Jonas Hiller,28.0,2.0,51.0
2013-2014,Jonathan Bernier,28.0,5.0,50.0
2013-2014,Jonathan Quick,41.0,6.0,70.0
2013-2014,Josh Harding,15.0,1.0,26.0
2013-2014,Kari Lehtonen,32.0,3.0,63.0
2013-2014,Karri Ramo,26.0,3.0,58.0
2013-2014,Kevin Poulin,12.0,2.0,20.0
2013-2014,Marc-Andre Fleury,34.0,3.0,65.0
2013-2014,Mark Visentin,1.0,0.0,2.0
2013-2014,Martin Biron,8.0,0.0,17.0
2013-2014,Martin Brodeur,14.0,1.0,32.0
2013-2014,Matt Hackett,2.0,0.0,4.0
2013-2014,Michal Neuvirth,14.0,1.0,25.0
2013-2014,Mike Murphy,1.0,0.0,1.0
2013-2014,Mike Smith,31.0,3.0,61.0
2013-2014,Niklas Backstrom,26.0,3.0,53.0
2013-2014,Nikolai Khabibulin,11.0,1.0,25.0
2013-2014,Ondrej Pavelec,35.0,5.0,64.0
2013-2014,Pekka Rinne,40.0,6.0,72.0
2013-2014,Peter Budaj,6.0,0.0,18.0
2013-2014,Petr Mrazek,1.0,0.0,2.0
2013-2014,Ray Emery,29.0,4.0,52.0
2013-2014,Reto Berra,2.0,1.0,6.0
2013-2014,Richard Bachman,4.0,1.0,7.0
2013-2014,Roberto Luongo,36.0,3.0,68.0
2013-2014,Robin Lehner,13.0,2.0,22.0
2013-2014,Ryan Miller,32.0,2.0,64.0
2013-2014,Scott Clemmensen,6.0,0.0,22.0
2013-2014,Semyon Varlamov,31.0,4.0,64.0
2013-2014,Sergei Bobrovsky,33.0,4.0,67.0
2013-2014,Steve Mason,16.0,1.0,35.0
2013-2014,Thomas Greiss,13.0,2.0,24.0
2013-2014,Tim Thomas,29.0,3.0,51.0
2013-2014,Tomas Vokoun,7.0,1.0,13.0
2013-2014,Tuukka Rask,37.0,9.0,67.0
2013-2014,Viktor Fasth,20.0,2.0,36.0
2014-2015,Al Montoya,8.0,0.0,21.0
2014-2015,Alex Stalock,19.0,3.0,35.0
2014-2015,Anders Lindback,1.0,0.0,3.0
2014-2015,Anton Khudobin,24.0,3.0,46.0
2014-2015,Antti Niemi,28.0,2.0,53.0
2014-2015,Antti Raanta,18.0,2.0,30.0
2014-2015,Ben Bishop,34.0,4.0,61.0
2014-2015,Ben Scrivens,21.0,2.0,51.0
2014-2015,Braden Holtby,33.0,6.0,63.0
2014-2015,Brian Elliott,27.0,3.0,52.0
2014-2015,Cam Talbot,11.0,1.0,20.0
2014-2015,Cam Ward,15.0,1.0,44.0
2014-2015,Carey Price,36.0,6.0,64.0
2014-2015,Carter Hutton,4.0,0.0,15.0
2014-2015,Chad Johnson,13.0,1.0,28.0
2014-2015,Corey Crawford,31.0,2.0,57.0
2014-2015,Cory Schneider,32.0,5.0,67.0
2014-2015,Craig Anderson,33.0,4.0,61.0
2014-2015,Curtis McElhinney,9.0,1.0,27.0
2014-2015,Darcy Kuemper,21.0,3.0,39.0
2014-2015,Devan Dubnyk,5.0,0.0,18.0
2014-2015,Dustin Tokarski,9.0,1.0,18.0
2014-2015,Eddie Lack,11.0,1.0,22.0
2014-2015,Evgeni Nabokov,6.0,0.0,20.0
2014-2015,Frederik Andersen,28.0,4.0,47.0
2014-2015,Henrik Lundqvist,37.0,5.0,65.0
2014-2015,Ilya Bryzgalov,6.0,0.0,10.0
2014-2015,Jacob Markstrom,2.0,0.0,5.0
2014-2015,Jake Allen,20.0,2.0,36.0
2014-2015,James Reimer,19.0,2.0,39.0
2014-2015,Jaroslav Halak,30.0,3.0,56.0
2014-2015,Jeff Zatkoff,1.0,0.0,2.0
2014-2015,Jhonas Enroth,12.0,1.0,38.0
2014-2015,Jimmy Howard,25.0,2.0,58.0
2014-2015,Johan Gustafsson,2.0,0.0,7.0
2014-2015,John Gibson,23.0,2.0,40.0
2014-2015,Jonas Gustavsson,13.0,1.0,24.0
2014-2015,Jonas Hiller,25.0,3.0,56.0
2014-2015,Jonathan Bernier,28.0,4.0,56.0
2014-2015,Jonathan Quick,33.0,5.0,58.0
2014-2015,Josh Harding,9.0,1.0,18.0
2014-2015,Jussi Rynnas,14.0,2.0,23.0
2014-2015,Justin Peters,10.0,1.0,22.0
2014-2015,Kari Lehtonen,33.0,4.0,62.0
2014-2015,Karri Ramo,14.0,2.0,31.0
2014-2015,Keith Kinkaid,8.0,1.0,20.0
2014-2015,Kevin Poulin,1.0,0.0,3.0
2014-2015,Kristers Gudlevskis,4.0,1.0,7.0
2014-2015,Marc-Andre Fleury,37.0,4.0,63.0
2014-2015,Marek Mazanec,4.0,1.0,10.0
2014-2015,Mark Visentin,2.0,0.0,5.0
2014-2015,Martin Jones,16.0,2.0,30.0
2014-2015,Matt Hackett,2.0,0.0,6.0
2014-2015,Michael Hutchinson,16.0,1.0,31.0
2014-2015,Michal Neuvirth,18.0,1.0,49.0
2014-2015,Mike Smith,29.0,3.0,64.0
2014-2015,Niklas Backstrom,6.0,0.0,14.0
2014-2015,Niklas Svedberg,15.0,2.0,26.0
2014-2015,Ondrej Pavelec,26.0,2.0,56.0
2014-2015,Pekka Rinne,34.0,3.0,63.0
2014-2015,Peter Budaj,1.0,0.0,5.0
2014-2015,Petr Mrazek,4.0,1.0,6.0
2014-2015,Philipp Grubauer,1.0,0.0,2.0
2014-2015,Ray Emery,9.0,1.0,24.0
2014-2015,Reto Berra,16.0,2.0,33.0
2014-2015,Roberto Luongo,30.0,2.0,66.0
2014-2015,Robyn Lehner,12.0,2.0,26.0
2014-2015,Ryan Miller,26.0,2.0,61.0
2014-2015,Semyon Varlamov,36.0,2.0,54.0
2014-2015,Sergei Bobrovsky,34.0,5.0,60.0
2014-2015,Steve Mason,34.0,3.0,63.0
2014-2015,Thomas Greiss,13.0,2.0,24.0
2014-2015,Tuukka Rask,37.0,7.0,60.0
2014-2015,Viktor Fasth,21.0,3.0,40.0
2015-2016,Al Montoya,7.0,0.0,22.0
2015-2016,Alex Stalock,20.0,2.0,42.0
2015-2016,Anders Lindback,6.0,1.0,19.0
2015-2016,Anders Nilsson,9.0,0.0,20.0
2015-2016,Andrei Vasilevskiy,13.0,1.0,28.0
2015-2016,Andrew Hammond,15.0,1.0,38.0
2015-2016,Andrey Makarov,1.0,0.0,2.0
2015-2016,Anton Forsberg,6.0,1.0,15.0
2015-2016,Anton Khudobin,15.0,2.0,25.0
2015-2016,Antti Niemi,28.0,4.0,49.0
2015-2016,Antti Raanta,16.0,3.0,30.0
2015-2016,Ben Bishop,37.0,3.0,60.0
2015-2016,Ben Scrivens,4.0,0.0,12.0
2015-2016,Braden Holtby,40.0,7.0,70.0
2015-2016,Brian Elliott,25.0,5.0,40.0
2015-2016,Calvin Pickard,6.0,0.0,17.0
2015-2016,Cam Talbot,30.0,2.0,57.0
2015-2016,Cam Ward,16.0,1.0,37.0
2015-2016,Carey Price,41.0,8.0,67.0
2015-2016,Carter Hutton,7.0,1.0,20.0
2015-2016,Chad Johnson,15.0,1.0,39.0
2015-2016,Connor Hellebuyck,4.0,0.0,6.0
2015-2016,Corey Crawford,30.0,2.0,56.0
2015-2016,Cory Schneider,27.0,4.0,70.0
2015-2016,Craig Anderson,28.0,4.0,49.0
2015-2016,Curtis McElhinney,4.0,0.0,12.0
2015-2016,Darcy Kuemper,7.0,0.0,20.0
2015-2016,Devan Dubnyk,36.0,5.0,68.0
2015-2016,Dustin Tokarski,7.0,1.0,19.0
2015-2016,Eddie Lack,25.0,3.0,50.0
2015-2016,Frederik Andersen,35.0,3.0,55.0
2015-2016,Henrik Lundqvist,33.0,5.0,56.0
2015-2016,J-F Berube,1.0,0.0,4.0
2015-2016,Jacob Markstrom,15.0,1.0,38.0
2015-2016,Jake Allen,25.0,4.0,47.0
2015-2016,James Reimer,10.0,1.0,32.0
2015-2016,Jaroslav Halak,39.0,6.0,61.0
2015-2016,Jeff Zatkoff,11.0,1.0,21.0
2015-2016,Jhonas Enroth,3.0,1.0,13.0
2015-2016,Jimmy Howard,27.0,3.0,55.0
2015-2016,John Gibson,3.0,0.0,6.0
2015-2016,Jonas Hiller,16.0,1.0,40.0
2015-2016,Jonathan Bernier,22.0,2.0,59.0
2015-2016,Jonathan Quick,37.0,5.0,71.0
2015-2016,Joni Ortio,4.0,0.0,8.0
2015-2016,Justin Peters,4.0,0.0,8.0
2015-2016,Kari Lehtonen,24.0,3.0,40.0
2015-2016,Karri Ramo,25.0,3.0,49.0
2015-2016,Malcolm Subban,8.0,1.0,20.0
2015-2016,Marc-Andre Fleury,37.0,7.0,66.0
2015-2016,Martin Jones,21.0,3.0,46.0
2015-2016,Michael Hutchinson,14.0,1.0,29.0
2015-2016,Michal Neuvirth,13.0,1.0,27.0
2015-2016,Mike Smith,23.0,1.0,65.0
2015-2016,Niklas Treutle,1.0,0.0,3.0
2015-2016,Ondrej Pavelec,25.0,5.0,54.0
2015-2016,Pekka Rinne,40.0,4.0,65.0
2015-2016,Petr Mrazek,17.0,1.0,32.0
2015-2016,Philipp Grubauer,5.0,1.0,9.0
2015-2016,Reto Berra,3.0,0.0,11.0
2015-2016,Roberto Luongo,32.0,3.0,65.0
2015-2016,Robin Lehner,17.0,1.0,47.0
2015-2016,Ryan Miller,28.0,3.0,52.0
2015-2016,Scott Darling,15.0,2.0,28.0
2015-2016,Scott Kinkaid,2.0,0.0,17.0
2015-2016,Semyon Varlamov,29.0,5.0,61.0
2015-2016,Sergei Bobrovsky,35.0,3.0,61.0
2015-2016,Steve Mason,31.0,3.0,60.0
2015-2016,Thomas Greiss,11.0,1.0,26.0
2015-2016,Tuukka Rask,32.0,3.0,66.0
2016-2017,Al Montoya,8.0,1.0,23.0
2016-2017,Anders Nilsson,14.0,1.0,35.0
2016-2017,Andrei Vasilevskiy,12.0,1.0,27.0
2016-2017,Andrew Hammond,9.0,1.0,24.0
2016-2017,Anton Forsberg,5.0,0.0,12.0
2016-2017,Anton Khudobin,10.0,1.0,21.0
2016-2017,Antti Niemi,24.0,2.0,46.0
2016-2017,Antti Raanta,13.0,2.0,29.0
2016-2017,Ben Bishop,37.0,5.0,60.0
2016-2017,Braden Holtby,46.0,5.0,65.0
2016-2017,Brian Elliott,25.0,2.0,54.0
2016-2017,Calvin Pickard,12.0,1.0,30.0
2016-2017,Cam Talbot,34.0,4.0,62.0
2016-2017,Cam Ward,17.0,1.0,44.0
2016-2017,Carey Price,39.0,8.0,62.0
2016-2017,Carter Hutton,10.0,1.0,22.0
2016-2017,Chad Johnson,9.0,1.0,32.0
2016-2017,Chris Driedger,1.0,0.0,4.0
2016-2017,Connor Hellebuyck,19.0,2.0,35.0
2016-2017,Corey Crawford,33.0,4.0,58.0
2016-2017,Cory Schneider,29.0,5.0,60.0
2016-2017,Craig Anderson,30.0,2.0,58.0
2016-2017,Curtis McElhinney,1.0,0.0,8.0
2016-2017,Darcy Kuemper,9.0,2.0,24.0
2016-2017,Devan Dubnyk,32.0,5.0,65.0
2016-2017,Eddie Lack,18.0,2.0,43.0
2016-2017,Frederik Andersen,28.0,3.0,56.0
2016-2017,Garret Sparks,4.0,0.0,15.0
2016-2017,Henrik Lundqvist,33.0,3.0,60.0
2016-2017,J-F Berube,2.0,0.0,3.0
2016-2017,Jacob Markstrom,15.0,1.0,37.0
2016-2017,Jake Allen,33.0,7.0,58.0
2016-2017,James Reimer,21.0,2.0,34.0
2016-2017,Jaroslav Halak,23.0,3.0,46.0
2016-2017,Jeff Zatkoff,6.0,0.0,17.0
2016-2017,Jimmy Howard,13.0,1.0,34.0
2016-2017,John Gibson,31.0,5.0,61.0
2016-2017,Jonas Gustavsson,7.0,1.0,23.0
2016-2017,Jonathan Bernier,11.0,1.0,20.0
2016-2017,Jonathan Quick,37.0,5.0,69.0
2016-2017,Joonas Korpisalo,8.0,1.0,16.0
2016-2017,Juuse Saros,2.0,1.0,4.0
2016-2017,Kari Lehtonen,24.0,2.0,45.0
2016-2017,Keith Kinkaid,8.0,1.0,20.0
2016-2017,Kevin Boyle,2.0,1.0,5.0
2016-2017,Lars Johansson,8.0,1.0,15.0
2016-2017,Laurent Brossoit,1.0,0.0,3.0
2016-2017,Linus Ullmark,3.0,0.0,8.0
2016-2017,Louis Domingue,10.0,2.0,28.0
2016-2017,Marc-Andre Fleury,29.0,2.0,53.0
2016-2017,Marek Mazanec,7.0,1.0,17.0
2016-2017,Martin Jones,37.0,5.0,66.0
2016-2017,Matt Murray,21.0,2.0,35.0
2016-2017,Michael Hutchinson,6.0,0.0,15.0
2016-2017,Michal Neuvirth,16.0,2.0,32.0
2016-2017,Mike Condon,1.0,0.0,3.0
2016-2017,Mike Smith,28.0,3.0,61.0
2016-2017,Ondrej Pavelec,17.0,1.0,37.0
2016-2017,Pekka Rinne,35.0,4.0,65.0
2016-2017,Petr Mrazek,26.0,3.0,55.0
2016-2017,Philipp Grubauer,11.0,1.0,23.0
2016-2017,Reto Berra,6.0,1.0,14.0
2016-2017,Roberto Luongo,24.0,2.0,41.0
2016-2017,Robin Lehner,21.0,3.0,45.0
2016-2017,Ryan Miller,16.0,0.0,49.0
2016-2017,Scott Darling,5.0,0.0,14.0
2016-2017,Scott Wedgewood,3.0,1.0,7.0
2016-2017,Semyon Varlamov,28.0,4.0,58.0
2016-2017,Sergei Bobrovsky,28.0,2.0,52.0
2016-2017,Steve Mason,28.0,4.0,55.0
2016-2017,Thomas Greiss,20.0,1.0,38.0
2016-2017,Tuukka Rask,32.0,4.0,64.0
2016-2017,Ville Husso,4.0,1.0,6.0
2017-2018,Aaron Dell,11.0,1.0,22.0
2017-2018,Al Montoya,6.0,1.0,17.0
2017-2018,Alex Stalock,10.0,1.0,20.0
2017-2018,Anders Nilsson,12.0,1.0,39.0
2017-2018,Andrei Vasilevskiy,33.0,5.0,55.0
2017-2018,Anton Forsberg,7.0,1.0,19.0
2017-2018,Anton Khudobin,9.0,1.0,18.0
2017-2018,Antti Niemi,2.0,0.0,9.0
2017-2018,Antti Raanta,23.0,3.0,62.0
2017-2018,Ben Bishop,35.0,4.0,60.0
2017-2018,Braden Holtby,39.0,8.0,61.0
2017-2018,Brian Elliott,28.0,3.0,51.0
2017-2018,Calvin Pickard,10.0,1.0,30.0
2017-2018,Cam Talbot,40.0,6.0,69.0
2017-2018,Cam Ward,8.0,0.0,26.0
2017-2018,Carey Price,38.0,4.0,63.0
2017-2018,Carter Hutton,12.0,2.0,27.0
2017-2018,Chad Johnson,10.0,1.0,23.0
2017-2018,Charlie Lindgren,4.0,0.0,6.0
2017-2018,Connor Hellebuyck,20.0,3.0,42.0
2017-2018,Corey Crawford,34.0,2.0,60.0
2017-2018,Cory Schneider,24.0,2.0,60.0
2017-2018,Craig Anderson,32.0,5.0,54.0
2017-2018,Curtis McElhinney,7.0,0.0,21.0
2017-2018,Darcy Kuemper,6.0,0.0,21.0
2017-2018,Devan Dubnyk,40.0,4.0,65.0
2017-2018,Eddie Lack,17.0,1.0,33.0
2017-2018,Frederik Andersen,35.0,5.0,66.0
2017-2018,Henrik Lundqvist,34.0,2.0,63.0
2017-2018,J-F Berube,4.0,0.0,10.0
2017-2018,Jacob Markstrom,18.0,2.0,50.0
2017-2018,Jake Allen,35.0,4.0,60.0
2017-2018,James Reimer,25.0,4.0,48.0
2017-2018,Jaroslav Halak,22.0,2.0,42.0
2017-2018,Jimmy Howard,18.0,1.0,40.0
2017-2018,John Gibson,26.0,5.0,56.0
2017-2018,Jon Gillies,1.0,0.0,2.0
2017-2018,Jonathan Bernier,15.0,1.0,32.0
2017-2018,Jonathan Quick,35.0,5.0,67.0
2017-2018,Joonas Korpisalo,11.0,1.0,26.0
2017-2018,Juuse Saros,16.0,2.0,30.0
2017-2018,Kari Lehtonen,9.0,1.0,28.0
2017-2018,Keith Kinkaid,9.0,1.0,26.0
2017-2018,Laurent Brossoit,8.0,1.0,18.0
2017-2018,Linus Ullmark,1.0,0.0,4.0
2017-2018,Louis Domingue,10.0,1.0,25.0
2017-2018,Malcolm Subban,2.0,0.0,6.0
2017-2018,Marc-Andre Fleury,24.0,2.0,60.0
2017-2018,Martin Jones,33.0,2.0,64.0
2017-2018,Matt Murray,45.0,6.0,66.0
2017-2018,Michael Condon,15.0,2.0,34.0
2017-2018,Michal Neuvirth,20.0,2.0,38.0
2017-2018,Mike Smith,31.0,2.0,53.0
2017-2018,Ondrej Pavelec,13.0,0.0,27.0
2017-2018,Pekka Rinne,29.0,2.0,57.0
2017-2018,Peter Budaj,16.0,2.0,32.0
2017-2018,Petr Mrazek,21.0,2.0,47.0
2017-2018,Philipp Grubauer,15.0,2.0,26.0
2017-2018,Roberto Luongo,17.0,1.0,39.0
2017-2018,Robin Lehner,31.0,4.0,62.0
2017-2018,Ryan Miller,13.0,1.0,31.0
2017-2018,Scott Darling,33.0,3.0,63.0
2017-2018,Semyon Varlamov,27.0,3.0,57.0
2017-2018,Sergei Bobrovsky,38.0,6.0,62.0
2017-2018,Steve Mason,22.0,1.0,47.0
2017-2018,Thomas Greiss,26.0,3.0,49.0
2017-2018,Tristan Jarry,4.0,0.0,11.0
2017-2018,Tuukka Rask,36.0,7.0,65.0
2018-2019,Aaron Dell,14.0,2.0,28.0
2018-2019,Adin Hill,1.0,0.0,3.0
2018-2019,Alex Lyon,4.0,0.0,8.0
2018-2019,Alex Stalock,10.0,1.0,28.0
2018-2019,Alexandar Georgiev,13.0,1.0,27.0
2018-2019,Anders Nilsson,9.0,1.0,25.0
2018-2019,Andrei Vasilevskiy,43.0,7.0,64.0
2018-2019,Anton Forsberg,4.0,0.0,10.0
2018-2019,Anton Khudobin,17.0,2.0,34.0
2018-2019,Antti Niemi,2.0,0.0,11.0
2018-2019,Antti Raanta,31.0,4.0,57.0
2018-2019,Ben Bishop,28.0,4.0,54.0
2018-2019,Braden Holtby,38.0,5.0,63.0
2018-2019,Brian Elliott,25.0,2.0,49.0
2018-2019,Callum Booth,2.0,0.0,4.0
2018-2019,Calvin Pickard,5.0,1.0,8.0
2018-2019,Cam Talbot,32.0,4.0,62.0
2018-2019,Cam Ward,9.0,0.0,29.0
2018-2019,Carey Price,23.0,3.0,60.0
2018-2019,Carter Hart,2.0,0.0,4.0
2018-2019,Carter Hutton,21.0,2.0,52.0
2018-2019,Casey DeSmith,8.0,0.0,16.0
2018-2019,Chad Johnson,9.0,0.0,21.0
2018-2019,Charlie Lindgren,6.0,1.0,17.0
2018-2019,Colton Point,1.0,0.0,2.0
2018-2019,Connor Hellebuyck,41.0,5.0,65.0
2018-2019,Corey Crawford,22.0,2.0,51.0
2018-2019,Cory Schneider,20.0,2.0,46.0
2018-2019,Craig Anderson,25.0,3.0,57.0
2018-2019,Curtis McElhinney,5.0,1.0,11.0
2018-2019,Darcy Kuemper,9.0,1.0,27.0
2018-2019,David Rittich,5.0,0.0,11.0
2018-2019,Devan Dubnyk,34.0,4.0,60.0
2018-2019,Eddie Lack,4.0,0.0,10.0
2018-2019,Eric Comrie,3.0,0.0,7.0
2018-2019,Frederik Andersen,39.0,5.0,65.0
2018-2019,Garret Sparks,1.0,0.0,3.0
2018-2019,Harri Sateri,1.0,0.0,2.0
2018-2019,Henrik Lundqvist,26.0,2.0,60.0
2018-2019,Ilya Samsonov,3.0,1.0,5.0
2018-2019,J-F Berube,2.0,0.0,4.0
2018-2019,Jack Campbell,8.0,1.0,20.0
2018-2019,Jacob Markstrom,28.0,3.0,60.0
2018-2019,Jake Allen,31.0,1.0,60.0
2018-2019,James Reimer,25.0,4.0,46.0
2018-2019,Jaroslav Halak,17.0,2.0,32.0
2018-2019,Jimmy Howard,17.0,1.0,45.0
2018-2019,John Gibson,32.0,5.0,60.0
2018-2019,Jon Gillies,8.0,1.0,15.0
2018-2019,Jonathan Bernier,17.0,1.0,39.0
2018-2019,Jonathan Quick,34.0,4.0,67.0
2018-2019,Joonas Korpisalo,6.0,0.0,15.0
2018-2019,Juuse Saros,13.0,3.0,28.0
2018-2019,Keith Kinkaid,18.0,1.0,31.0
2018-2019,Kevin Boyle,1.0,0.0,4.0
2018-2019,Laurent Brossoit,7.0,1.0,15.0
2018-2019,Linus Ullmark,13.0,1.0,36.0
2018-2019,Louis Domingue,8.0,0.0,24.0
2018-2019,Malcolm Subban,10.0,1.0,24.0
2018-2019,Marc-Andre Fleury,32.0,4.0,57.0
2018-2019,Martin Jones,29.0,3.0,60.0
2018-2019,Matt Murray,31.0,2.0,51.0
2018-2019,Michael Hutchinson,4.0,1.0,8.0
2018-2019,Michal Neuvirth,14.0,1.0,27.0
2018-2019,Mike Condon,6.0,0.0,27.0
2018-2019,Mike McKenna,2.0,0.0,4.0
2018-2019,Mike Smith,30.0,3.0,55.0
2018-2019,Mikko Koskinen,13.0,1.0,27.0
2018-2019,Oscar Dansk,2.0,0.0,6.0
2018-2019,Pavel Francouz,1.0,0.0,2.0
2018-2019,Pekka Rinne,39.0,6.0,57.0
2018-2019,Petr Mrazek,17.0,0.0,40.0
2018-2019,Pheonix Copley,7.0,0.0,20.0
2018-2019,Philipp Grubauer,20.0,2.0,39.0
2018-2019,Roberto Luongo,16.0,2.0,34.0
2018-2019,Robin Lehner,17.0,2.0,45.0
2018-2019,Ryan Miller,11.0,2.0,26.0
2018-2019,Scott Darling,22.0,2.0,47.0
2018-2019,Semyon Varlamov,24.0,2.0,48.0
2018-2019,Sergei Bobrovsky,37.0,6.0,65.0
2018-2019,Thatcher Demko,2.0,0.0,3.0
2018-2019,Thomas Greiss,14.0,1.0,43.0
2018-2019,Tristan Jarry,10.0,1.0,20.0
2018-2019,Tuukka Rask,34.0,2.0,54.0
2018-2019,Ville Husso,5.0,1.0,8.0
2019-2020,Aaron Dell,12.0,2.0,27.0
2019-2020,Adin Hill,1.0,0.0,2.0
2019-2020,Alex Stalock,8.0,1.0,23.0
2019-2020,Alexandar Georgiev,14.0,2.0,36.0
2019-2020,Anders Nilsson,12.0,2.0,34.0
2019-2020,Andrei Vasilevskiy,41.0,5.0,56.0
2019-2020,Anthony Stolarz,2.0,0.0,9.0
2019-2020,Anton Khudobin,13.0,1.0,34.0
2019-2020,Antti Raanta,23.0,4.0,44.0
2019-2020,Ben Bishop,29.0,6.0,51.0
2019-2020,Braden Holtby,33.0,3.0,59.0
2019-2020,Brian Elliott,14.0,1.0,32.0
2019-2020,Cal Petersen,2.0,0.0,4.0
2019-2020,Calvin Pickard,6.0,0.0,15.0
2019-2020,Cam Talbot,29.0,2.0,53.0
2019-2020,Carey Price,33.0,4.0,63.0
2019-2020,Carter Hart,32.0,5.0,55.0
2019-2020,Carter Hutton,19.0,1.0,45.0
2019-2020,Casey DeSmith,12.0,2.0,33.0
2019-2020,Collin Delia,1.0,0.0,3.0
2019-2020,Connor Hellebuyck,35.0,3.0,62.0
2019-2020,Corey Crawford,14.0,2.0,39.0
2019-2020,Cory Schneider,25.0,3.0,52.0
2019-2020,Craig Anderson,17.0,2.0,56.0
2019-2020,Curtis McElhinney,16.0,1.0,26.0
2019-2020,Darcy Kuemper,18.0,3.0,43.0
2019-2020,David Rittich,21.0,1.0,35.0
2019-2020,Devan Dubnyk,30.0,2.0,65.0
2019-2020,Elvis Merzlikins,23.0,3.0,54.0
2019-2020,Eric Comrie,8.0,1.0,21.0
2019-2020,Frederik Andersen,37.0,3.0,62.0
2019-2020,Garret Sparks,6.0,1.0,15.0
2019-2020,Henrik Lundqvist,18.0,1.0,50.0
2019-2020,Igor Shesterkin,1.0,0.0,2.0
2019-2020,Ilya Samsonov,1.0,0.0,2.0
2019-2020,Jack Campbell,7.0,1.0,26.0
2019-2020,Jacob Markstrom,28.0,2.0,56.0
2019-2020,Jake Allen,15.0,2.0,35.0
2019-2020,Jake Oettinger,2.0,0.0,2.0
2019-2020,James Reimer,21.0,2.0,40.0
2019-2020,Jaroslav Halak,21.0,3.0,38.0
2019-2020,Jimmy Howard,22.0,1.0,53.0
2019-2020,John Gibson,25.0,1.0,59.0
2019-2020,Jonathan Bernier,6.0,1.0,20.0
2019-2020,Jonathan Quick,27.0,2.0,58.0
2019-2020,Joonas Korpisalo,13.0,1.0,35.0
2019-2020,Jordan Binnington,31.0,5.0,53.0
2019-2020,Juuse Saros,19.0,3.0,36.0
2019-2020,Keith Kinkaid,9.0,1.0,23.0
2019-2020,Laurent Brossoit,6.0,1.0,14.0
2019-2020,Linus Ullmark,20.0,2.0,41.0
2019-2020,Louis Domingue,5.0,0.0,13.0
2019-2020,Mackenzie Blackwood,16.0,2.0,36.0
2019-2020,Malcolm Subban,5.0,0.0,16.0
2019-2020,Marc-Andre Fleury,33.0,5.0,57.0
2019-2020,Martin Jones,33.0,3.0,61.0
2019-2020,Matt Murray,29.0,3.0,50.0
2019-2020,Michael Hutchinson,2.0,0.0,6.0
2019-2020,Michal Neuvirth,10.0,1.0,20.0
2019-2020,Mike Smith,18.0,1.0,38.0
2019-2020,Mikko Koskinen,25.0,3.0,51.0
2019-2020,Oscar Dansk,1.0,0.0,1.0
2019-2020,Pavel Francouz,15.0,2.0,35.0
2019-2020,Pekka Rinne,27.0,3.0,51.0
2019-2020,Petr Mrazek,27.0,3.0,47.0
2019-2020,Pheonix Copley,15.0,1.0,26.0
2019-2020,Philipp Grubauer,28.0,4.0,52.0
2019-2020,Robin Lehner,23.0,2.0,46.0
2019-2020,Ryan Miller,6.0,0.0,19.0
2019-2020,Samuel Montembeault,11.0,1.0,22.0
2019-2020,Semyon Varlamov,25.0,4.0,50.0
2019-2020,Sergei Bobrovsky,38.0,5.0,64.0
2019-2020,Thatcher Demko,13.0,1.0,32.0
2019-2020,Thomas Greiss,22.0,4.0,40.0
2019-2020,Tristan Jarry,8.0,1.0,18.0
2019-2020,Tuukka Rask,29.0,4.0,49.0
2020-2021,Aaron Dell,1.0,0.0,1.0
2020-2021,Adam Werner,1.0,0.0,2.0
2020-2021,Adin Hill,1.0,0.0,2.0
2020-2021,Alex Nedeljkovic,2.0,0.0,3.0
2020-2021,Alex Stalock,4.0,1.0,11.0
2020-2021,Alexandar Georgiev,12.0,1.0,24.0
2020-2021,Andrei Vasilevskiy,27.0,3.0,43.0
2020-2021,Andrew Hammond,1.0,0.0,3.0
2020-2021,Anthony Stolarz,1.0,0.0,2.0
2020-2021,Anton Khudobin,21.0,2.0,39.0
2020-2021,Antti Raanta,11.0,1.0,24.0
2020-2021,Ben Bishop,4.0,0.0,8.0
2020-2021,Braden Holtby,19.0,1.0,36.0
2020-2021,Brian Elliott,12.0,1.0,23.0
2020-2021,Cal Petersen,12.0,1.0,31.0
2020-2021,Cam Talbot,20.0,3.0,38.0
2020-2021,Carey Price,22.0,3.0,41.0
2020-2021,Carter Hart,20.0,1.0,35.0
2020-2021,Carter Hutton,7.0,1.0,18.0
2020-2021,Casey DeSmith,10.0,1.0,23.0
2020-2021,Cayden Primeau,1.0,0.0,1.0
2020-2021,Chris Driedger,9.0,1.0,17.0
2020-2021,Collin Delia,16.0,1.0,33.0
2020-2021,Connor Hellebuyck,24.0,3.0,44.0
2020-2021,Cory Schneider,1.0,0.0,1.0
2020-2021,Craig Anderson,3.0,0.0,9.0
2020-2021,Curtis McElhinney,6.0,0.0,14.0
2020-2021,Daniel Vladar,1.0,0.0,2.0
2020-2021,Darcy Kuemper,18.0,3.0,34.0
2020-2021,David Rittich,11.0,1.0,20.0
2020-2021,Devan Dubnyk,16.0,1.0,34.0
2020-2021,Elvis Merzlikins,14.0,3.0,30.0
2020-2021,Eric Comrie,3.0,0.0,6.0
2020-2021,Filip Gustavsson,1.0,0.0,4.0
2020-2021,Frederik Andersen,25.0,3.0,42.0
2020-2021,Gilles Senn,3.0,0.0,9.0
2020-2021,Igor Shesterkin,19.0,3.0,34.0
2020-2021,Ilya Samsonov,21.0,2.0,37.0
2020-2021,Ilya Sorokin,13.0,2.0,27.0
2020-2021,Jack Campbell,8.0,1.0,16.0
2020-2021,Jacob Markstrom,21.0,1.0,38.0
2020-2021,Jake Allen,7.0,1.0,17.0
2020-2021,Jake Oettinger,5.0,1.0,10.0
2020-2021,James Reimer,12.0,1.0,23.0
2020-2021,Jaroslav Halak,11.0,1.0,22.0
2020-2021,John Gibson,18.0,1.0,40.0
2020-2021,Jonas Johansson,3.0,0.0,5.0
2020-2021,Jonathan Bernier,7.0,0.0,22.0
2020-2021,Jonathan Quick,11.0,1.0,28.0
2020-2021,Joonas Korpisalo,14.0,2.0,27.0
2020-2021,Jordan Binnington,24.0,2.0,40.0
2020-2021,Juuse Saros,15.0,2.0,30.0
2020-2021,Kaapo Kahkonen,4.0,1.0,7.0
2020-2021,Kevin Lankinen,3.0,0.0,7.0
2020-2021,Laurent Brossoit,6.0,0.0,14.0
2020-2021,Linus Ullmark,20.0,1.0,36.0
2020-2021,Mackenzie Blackwood,18.0,2.0,37.0
2020-2021,Malcolm Subban,6.0,0.0,18.0
2020-2021,Marc-Andre Fleury,12.0,1.0,24.0
2020-2021,Marcus Hogberg,6.0,0.0,18.0
2020-2021,Martin Jones,11.0,1.0,25.0
2020-2021,Matt Murray,14.0,1.0,35.0
2020-2021,Mike Smith,10.0,0.0,21.0
2020-2021,Mikko Koskinen,22.0,2.0,38.0
2020-2021,Pavel Francouz,11.0,1.0,22.0
2020-2021,Pekka Rinne,14.0,2.0,29.0
2020-2021,Petr Mrazek,17.0,2.0,33.0
2020-2021,Philipp Grubauer,20.0,1.0,34.0
2020-2021,Robin Lehner,21.0,3.0,35.0
2020-2021,Ryan Miller,7.0,1.0,18.0
2020-2021,Sam Montembeault,1.0,0.0,3.0
2020-2021,Scott Wedgewood,2.0,0.0,8.0
2020-2021,Semyon Varlamov,13.0,1.0,31.0
2020-2021,Sergei Bobrovsky,21.0,2.0,39.0
2020-2021,Thatcher Demko,11.0,1.0,23.0
2020-2021,Thomas Greiss,16.0,1.0,36.0
2020-2021,Tristan Jarry,21.0,2.0,35.0
2020-2021,Tuukka Rask,20.0,2.0,34.0
2020-2021,Ville Husso,9.0,1.0,18.0
2020-2021,Vitek Vanecek,7.0,1.0,13.0
2021-2022,Aaron Dell,8.0,0.0,34.0
2021-2022,Adam Werner,2.0,0.0,5.0
2021-2022,Adin Hill,18.0,2.0,42.0
2021-2022,Alex Lyon,8.0,0.0,15.0
2021-2022,Alex Melnichuk,2.0,0.0,8.0
2021-2022,Alex Nedeljkovic,18.0,1.0,48.0
2021-2022,Alex Stalock,12.0,0.0,22.0
2021-2022,Alexandar Georgiev,17.0,1.0,33.0
2021-2022,Andrei Vasilevskiy,41.0,5.0,58.0
2021-2022,Anthony Stolarz,10.0,1.0,36.0
2021-2022,Anton Forsberg,5.0,0.0,17.0
2021-2022,Anton Khudobin,21.0,2.0,39.0
2021-2022,Antti Raanta,11.0,2.0,19.0
2021-2022,Ben Bishop,1.0,0.0,2.0
2021-2022,Braden Holtby,3.0,0.0,10.0
2021-2022,Brian Elliott,13.0,1.0,26.0
2021-2022,Cal Petersen,23.0,2.0,52.0
2021-2022,Cam Talbot,30.0,2.0,56.0
2021-2022,Carey Price,26.0,2.0,53.0
2021-2022,Carter Hart,25.0,2.0,45.0
2021-2022,Carter Hutton,9.0,0.0,32.0
2021-2022,Casey DeSmith,15.0,2.0,29.0
2021-2022,Cayden Primeau,1.0,0.0,2.0
2021-2022,Chris Driedger,13.0,2.0,36.0
2021-2022,Collin Delia,2.0,0.0,4.0
2021-2022,Connor Hellebuyck,36.0,6.0,64.0
2021-2022,Connor Ingram,2.0,0.0,3.0
2021-2022,Craig Anderson,10.0,0.0,41.0
2021-2022,Dan Vladar,10.0,1.0,22.0
2021-2022,Daniil Tarasov,1.0,0.0,2.0
2021-2022,Darcy Kuemper,25.0,3.0,43.0
2021-2022,David Rittich,10.0,0.0,26.0
2021-2022,Dustin Tokarski,1.0,0.0,8.0
2021-2022,Elvis Merzlikins,21.0,2.0,45.0
2021-2022,Eric Comrie,9.0,1.0,21.0
2021-2022,Filip Gustavsson,11.0,1.0,23.0
2021-2022,Frederik Andersen,33.0,3.0,51.0
2021-2022,Igor Shesterkin,25.0,3.0,44.0
2021-2022,Ilya Samsonov,25.0,4.0,38.0
2021-2022,Ilya Sorokin,23.0,4.0,41.0
2021-2022,Ivan Prosvetov,5.0,0.0,17.0
2021-2022,Jack Campbell,29.0,2.0,49.0
2021-2022,Jacob Markstrom,30.0,3.0,57.0
2021-2022,Jake Allen,13.0,0.0,28.0
2021-2022,Jake Oettinger,19.0,2.0,36.0
2021-2022,James Reimer,11.0,0.0,36.0
2021-2022,Jaroslav Halak,18.0,1.0,36.0
2021-2022,Jeremy Swayman,25.0,3.0,40.0
2021-2022,John Gibson,18.0,3.0,48.0
2021-2022,Jonas Johansson,4.0,0.0,6.0
2021-2022,Jonathan Bernier,18.0,1.0,42.0
2021-2022,Jonathan Quick,14.0,1.0,34.0
2021-2022,Joonas Korpisalo,16.0,0.0,38.0
2021-2022,Jordan Binnington,31.0,3.0,53.0
2021-2022,Josef Korenar,13.0,0.0,35.0
2021-2022,Juuse Saros,31.0,4.0,54.0
2021-2022,Kaapo Kahkonen,17.0,2.0,30.0
2021-2022,Keith Kinkaid,3.0,0.0,7.0
2021-2022,Kevin Lankinen,11.0,1.0,29.0
2021-2022,Laurent Brossoit,13.0,1.0,24.0
2021-2022,Linus Ullmark,28.0,2.0,43.0
2021-2022,Logan Thompson,2.0,0.0,5.0
2021-2022,Mackenzie Blackwood,17.0,1.0,42.0
2021-2022,Marc-Andre Fleury,27.0,2.0,51.0
2021-2022,Martin Jones,19.0,1.0,39.0
2021-2022,Matt Murray,17.0,2.0,45.0
2021-2022,Michael DiPietro,1.0,0.0,2.0
2021-2022,Mike Smith,29.0,2.0,46.0
2021-2022,Mikko Koskinen,6.0,0.0,14.0
2021-2022,Pavel Francouz,22.0,1.0,36.0
2021-2022,Petr Mrazek,19.0,1.0,35.0
2021-2022,Pheonix Copley,1.0,0.0,4.0
2021-2022,Philipp Grubauer,21.0,3.0,49.0
2021-2022,Robin Lehner,32.0,3.0,55.0
2021-2022,Sam Montembeault,6.0,0.0,14.0
2021-2022,Semyon Varlamov,22.0,4.0,44.0
2021-2022,Sergei Bobrovsky,32.0,1.0,52.0
2021-2022,Spencer Knight,12.0,1.0,20.0
2021-2022,Stuart Skinner,3.0,0.0,5.0
2021-2022,Thatcher Demko,24.0,2.0,47.0
2021-2022,Thomas Greiss,17.0,2.0,38.0
2021-2022,Tristan Jarry,33.0,3.0,55.0
2021-2022,Troy Grosenick,1.0,0.0,2.0
2021-2022,Ukko-Pekka Luukkonen,1.0,0.0,4.0
2021-2022,Ville Husso,16.0,2.0,32.0
2021-2022,Vitek Vanecek,21.0,2.0,40.0
2021-2022,Zach Fucale,1.0,0.0,3.0
2022-2023,Adin Hill,9.0,1.0,21.0
2022-2023,Alex Nedeljkovic,14.0,2.0,36.0
2022-2023,Alex Stalock,6.0,0.0,31.0
2022-2023,Alexandar Georgiev,32.0,4.0,50.0
2022-2023,Andrei Vasilevskiy,40.0,3.0,64.0
2022-2023,Anthony Stolarz,13.0,2.0,29.0
2022-2023,Anton Forsberg,19.0,1.0,38.0
2022-2023,Antti Raanta,14.0,2.0,26.0
2022-2023,Arvid Soderblom,1.0,0.0,4.0
2022-2023,Brian Elliott,10.0,0.0,21.0
2022-2023,Cal Petersen,27.0,3.0,46.0
2022-2023,Calvin Pickard,4.0,0.0,9.0
2022-2023,Cam Talbot,24.0,1.0,44.0
2022-2023,Carter Hart,14.0,1.0,47.0
2022-2023,Casey DeSmith,10.0,2.0,26.0
2022-2023,Cayden Primeau,8.0,1.0,16.0
2022-2023,Charlie Lindgren,14.0,1.0,32.0
2022-2023,Chris Driedger,3.0,0.0,6.0
2022-2023,Collin Delia,2.0,0.0,4.0
2022-2023,Connor Hellebuyck,32.0,5.0,67.0
2022-2023,Connor Ingram,11.0,1.0,32.0
2022-2023,Craig Anderson,19.0,0.0,35.0
2022-2023,Dan Vladar,11.0,2.0,21.0
2022-2023,Daniil Tarasov,5.0,0.0,9.0
2022-2023,Darcy Kuemper,30.0,5.0,55.0
2022-2023,David Rittich,5.0,0.0,15.0
2022-2023,Dustin Tokarski,1.0,0.0,2.0
2022-2023,Dustin Wolf,1.0,0.0,1.0
2022-2023,Elvis Merzlikins,29.0,3.0,58.0
2022-2023,Eric Comrie,16.0,0.0,32.0
2022-2023,Felix Sandstrom,12.0,1.0,39.0
2022-2023,Filip Gustavsson,17.0,1.0,30.0
2022-2023,Frederik Andersen,36.0,4.0,54.0
2022-2023,Igor Shesterkin,37.0,7.0,55.0
2022-2023,Ilya Samsonov,23.0,3.0,40.0
2022-2023,Ilya Sorokin,27.0,6.0,53.0
2022-2023,Jack Campbell,32.0,2.0,51.0
2022-2023,Jacob Markstrom,36.0,7.0,63.0
2022-2023,Jake Allen,16.0,2.0,43.0
2022-2023,Jake Oettinger,35.0,2.0,56.0
2022-2023,James Reimer,15.0,1.0,37.0
2022-2023,Jaroslav Halak,12.0,1.0,25.0
2022-2023,Jeremy Swayman,26.0,4.0,47.0
2022-2023,Joel Hofer,3.0,0.0,5.0
2022-2023,Joey Daccord,3.0,0.0,10.0
2022-2023,John Gibson,19.0,1.0,56.0
2022-2023,Jonathan Bernier,6.0,0.0,15.0
2022-2023,Jonathan Quick,22.0,1.0,39.0
2022-2023,Joonas Korpisalo,7.0,0.0,19.0
2022-2023,Jordan Binnington,21.0,2.0,42.0
2022-2023,Juuse Saros,36.0,4.0,64.0
2022-2023,Kaapo Kahkonen,23.0,2.0,52.0
2022-2023,Karel Vejmelka,18.0,2.0,53.0
2022-2023,Keith Kinkaid,2.0,0.0,3.0
2022-2023,Kevin Lankinen,10.0,0.0,21.0
2022-2023,Laurent Brossoit,13.0,1.0,24.0
2022-2023,Linus Ullmark,20.0,2.0,40.0
2022-2023,Logan Thompson,25.0,3.0,43.0
2022-2023,Louis Domingue,3.0,0.0,8.0
2022-2023,Lukas Dostal,1.0,0.0,2.0
2022-2023,Mackenzie Blackwood,13.0,1.0,30.0
2022-2023,Mads Sogaard,1.0,0.0,2.0
2022-2023,Magnus Hellberg,2.0,0.0,5.0
2022-2023,Malcolm Subban,1.0,0.0,7.0
2022-2023,Marc-Andre Fleury,36.0,3.0,56.0
2022-2023,Martin Jones,5.0,0.0,15.0
2022-2023,Matt Murray,31.0,3.0,48.0
2022-2023,Michael DiPietro,4.0,0.0,7.0
2022-2023,Oskari Salminen,1.0,0.0,3.0
2022-2023,Pavel Francouz,27.0,3.0,39.0
2022-2023,Petr Mrazek,9.0,0.0,38.0
2022-2023,Philipp Grubauer,19.0,2.0,55.0
2022-2023,Pyotr Kochetkov,2.0,0.0,5.0
2022-2023,Sam Montembeault,12.0,0.0,32.0
2022-2023,Scott Wedgewood,13.0,1.0,31.0
2022-2023,Semyon Varlamov,10.0,2.0,31.0
2022-2023,Sergei Bobrovsky,37.0,2.0,51.0
2022-2023,Spencer Knight,22.0,3.0,37.0
2022-2023,Spencer Martin,5.0,0.0,12.0
2022-2023,Stuart Skinner,14.0,2.0,28.0
2022-2023,Thatcher Demko,36.0,2.0,64.0
2022-2023,Thomas Greiss,17.0,2.0,38.0
2022-2023,Tristan Jarry,34.0,4.0,58.0
2022-2023,Ukko-Pekka Luukkonen,2.0,0.0,11.0
2022-2023,Ville Husso,24.0,4.0,56.0
2022-2023,Vitek Vanecek,22.0,2.0,43.0
2023-2024,Adin Hill,20.0,1.0,37.0
2023-2024,Akira Schmid,14.0,2.0,28.0
2023-2024,Alex Lyon,2.0,0.0,4.0
2023-2024,Alex Nedeljkovic,10.0,0.0,24.0
2023-2024,Alex Stalock,8.0,1.0,23.0
2023-2024,Alexandar Georgiev,36.0,3.0,59.0
2023-2024,Andrei Vasilevskiy,27.0,2.0,50.0
2023-2024,Anthony Stolarz,7.0,1.0,13.0
2023-2024,Anton Forsberg,20.0,2.0,42.0
2023-2024,Antti Raanta,18.0,3.0,28.0
2023-2024,Arvid Soderblom,9.0,1.0,29.0
2023-2024,Cal Petersen,2.0,0.0,7.0
2023-2024,Cam Talbot,16.0,1.0,34.0
2023-2024,Carter Hart,21.0,2.0,51.0
2023-2024,Casey DeSmith,8.0,0.0,18.0
2023-2024,Charlie Lindgren,9.0,0.0,26.0
2023-2024,Chris Driedger,2.0,0.0,5.0
2023-2024,Clay Stevenson,2.0,0.0,5.0
2023-2024,Collin Delia,2.0,0.0,4.0
2023-2024,Connor Hellebuyck,35.0,4.0,64.0
2023-2024,Connor Ingram,9.0,1.0,28.0
2023-2024,Daniel Vladar,11.0,0.0,20.0
2023-2024,Daniil Tarasov,7.0,1.0,18.0
2023-2024,Darcy Kuemper,20.0,4.0,57.0
2023-2024,David Rittich,8.0,0.0,15.0
2023-2024,Devon Levi,5.0,0.0,8.0
2023-2024,Dustin Wolf,9.0,2.0,17.0
2023-2024,Eetu Makiniemi,4.0,0.0,10.0
2023-2024,Elvis Merzlikins,23.0,1.0,52.0
2023-2024,Eric Comrie,17.0,2.0,32.0
2023-2024,Felix Sandstrom,1.0,0.0,6.0
2023-2024,Filip Gustavsson,26.0,4.0,46.0
2023-2024,Frederik Andersen,23.0,2.0,38.0
2023-2024,Hugo Alnefelt,2.0,0.0,4.0
2023-2024,Igor Shesterkin,39.0,3.0,60.0
2023-2024,Ilya Samsonov,29.0,4.0,45.0
2023-2024,Ilya Sorokin,31.0,6.0,61.0
2023-2024,Ivan Prosvetov,2.0,0.0,4.0
2023-2024,Jack Campbell,22.0,1.0,40.0
2023-2024,Jacob Markstrom,23.0,1.0,50.0
2023-2024,Jake Allen,18.0,0.0,39.0
2023-2024,Jake Oettinger,37.0,4.0,60.0
2023-2024,Jakub Dobes,1.0,0.0,2.0
2023-2024,James Reimer,15.0,2.0,31.0
2023-2024,Jaxson Stauber,7.0,0.0,18.0
2023-2024,Jeremy Swayman,23.0,3.0,39.0
2023-2024,Jesper Wallstedt,1.0,0.0,1.0
2023-2024,Jiri Patera,3.0,0.0,6.0
2023-2024,Joel Hofer,19.0,2.0,39.0
2023-2024,Joey Daccord,17.0,1.0,39.0
2023-2024,John Gibson,18.0,1.0,56.0
2023-2024,Jonas Johansson,11.0,1.0,21.0
2023-2024,Jonathan Quick,8.0,0.0,24.0
2023-2024,Joonas Korpisalo,21.0,1.0,40.0
2023-2024,Jordan Binnington,22.0,2.0,49.0
2023-2024,Joseph Woll,18.0,2.0,26.0
2023-2024,Justus Annunen,3.0,0.0,6.0
2023-2024,Juuse Saros,32.0,3.0,63.0
2023-2024,Kaapo Kahkonen,13.0,1.0,40.0
2023-2024,Karel Vejmelka,20.0,3.0,53.0
2023-2024,Kevin Lankinen,6.0,0.0,16.0
2023-2024,Laurent Brossoit,7.0,0.0,18.0
2023-2024,Linus Ullmark,31.0,2.0,47.0
2023-2024,Logan Thompson,24.0,2.0,42.0
2023-2024,Lukas Dostal,3.0,0.0,10.0
2023-2024,Mackenzie Blackwood,7.0,0.0,30.0
2023-2024,Mads Sogaard,3.0,0.0,6.0
2023-2024,Magnus Chrona,2.0,0.0,7.0
2023-2024,Magnus Hellberg,5.0,0.0,10.0
2023-2024,Marc-Andre Fleury,20.0,1.0,39.0
2023-2024,Martin Jones,6.0,0.0,10.0
2023-2024,Matt Murray,3.0,0.0,6.0
2023-2024,Matt Tomkins,6.0,1.0,10.0
2023-2024,Nico Daws,2.0,0.0,5.0
2023-2024,Pavel Francouz,10.0,2.0,20.0
2023-2024,Petr Mrazek,13.0,0.0,40.0
2023-2024,Pheonix Copley,23.0,1.0,38.0
2023-2024,Philipp Grubauer,25.0,2.0,48.0
2023-2024,Pyotr Kochetkov,11.0,2.0,20.0
2023-2024,Sam Montembeault,17.0,1.0,42.0
2023-2024,Samuel Ersson,11.0,1.0,21.0
2023-2024,Scott Wedgewood,10.0,1.0,23.0
2023-2024,Semyon Varlamov,10.0,1.0,24.0
2023-2024,Sergei Bobrovsky,26.0,1.0,50.0
2023-2024,Spencer Knight,11.0,1.0,23.0
2023-2024,Spencer Martin,7.0,0.0,16.0
2023-2024,Stuart Skinner,28.0,1.0,46.0
2023-2024,Thatcher Demko,31.0,1.0,62.0
2023-2024,Tristan Jarry,27.0,2.0,51.0
2023-2024,Ukko-Pekka Luukkonen,24.0,1.0,46.0
2023-2024,Ville Husso,24.0,3.0,51.0
2023-2024,Vitek Vanecek,35.0,3.0,53.0
2023-2024,Yaroslav Askarov,2.0,0.0,5.0
2024-2025,Adin Hill,22.0,2.0,41.0
2024-2025,Akira Schmid,2.0,0.0,6.0
2024-2025,Alex Lyon,10.0,1.0,18.0
2024-2025,Alex Nedeljkovic,15.0,0.0,35.0
2024-2025,Alexandar Georgiev,32.0,1.0,53.0
2024-2025,Andrei Vasilevskiy,33.0,2.0,60.0
2024-2025,Anthony Stolarz,22.0,1.0,39.0
2024-2025,Anton Forsberg,15.0,1.0,31.0
2024-2025,Arturs Silovs,21.0,1.0,40.0
2024-2025,Arvid Soderblom,3.0,0.0,12.0
2024-2025,Brandon Bussi,2.0,0.0,4.0
2024-2025,Cal Petersen,1.0,0.0,3.0
2024-2025,Calvin Pickard,14.0,1.0,26.0
2024-2025,Cam Talbot,26.0,3.0,52.0
2024-2025,Casey DeSmith,13.0,0.0,29.0
2024-2025,Cayden Primeau,19.0,1.0,43.0
2024-2025,Charlie Lindgren,18.0,1.0,41.0
2024-2025,Chris Driedger,2.0,0.0,4.0
2024-2025,Connor Hellebuyck,36.0,4.0,61.0
2024-2025,Connor Ingram,25.0,3.0,52.0
2024-2025,Daniel Vladar,16.0,0.0,35.0
2024-2025,Daniil Tarasov,12.0,1.0,32.0
2024-2025,Darcy Kuemper,14.0,0.0,38.0
2024-2025,David Rittich,15.0,1.0,28.0
2024-2025,Devon Levi,7.0,1.0,10.0
2024-2025,Dustin Wolf,24.0,2.0,50.0
2024-2025,Elvis Merzlikins,15.0,1.0,42.0
2024-2025,Erik Portillo,6.0,0.0,12.0
2024-2025,Filip Gustafsson,25.0,3.0,50.0
2024-2025,Frederik Andersen,21.0,2.0,34.0
2024-2025,Igor Shesterkin,38.0,4.0,58.0
2024-2025,Ilya Samsonov,23.0,1.0,40.0
2024-2025,Ilya Sorokin,26.0,3.0,57.0
2024-2025,Ivan Fedotov,15.0,1.0,33.0
2024-2025,Jacob Markstrom,30.0,1.0,58.0
2024-2025,Jake Allen,13.0,0.0,28.0
2024-2025,Jake Oettinger,36.0,4.0,59.0
2024-2025,James Reimer,13.0,0.0,25.0
2024-2025,Jeremy Swayman,32.0,4.0,54.0
2024-2025,Jesper Wallstedt,4.0,0.0,7.0
2024-2025,Jet Greaves,4.0,0.0,12.0
2024-2025,Joel Hofer,16.0,1.0,30.0
2024-2025,Joey Daccord,23.0,3.0,53.0
2024-2025,John Gibson,13.0,1.0,43.0
2024-2025,Jonas Johansson,10.0,0.0,24.0
2024-2025,Jonathan Quick,16.0,1.0,25.0
2024-2025,Joonas Korpisalo,13.0,0.0,26.0
2024-2025,Jordan Binnington,28.0,2.0,56.0
2024-2025,Joseph Woll,21.0,1.0,36.0
2024-2025,Justus Annunen,19.0,3.0,35.0
2024-2025,Juuse Saros,36.0,3.0,64.0
2024-2025,Kaapo Kahkonen,12.0,1.0,23.0
2024-2025,Karel Vejmelka,16.0,2.0,35.0
2024-2025,Laurent Brossoit,14.0,0.0,28.0
2024-2025,Linus Ullmark,27.0,2.0,50.0
2024-2025,Logan Thompson,23.0,2.0,46.0
2024-2025,Louis Domingue,1.0,0.0,2.0
2024-2025,Lukas Dostal,16.0,2.0,46.0
2024-2025,Mackenzie Blackwood,14.0,1.0,44.0
2024-2025,Mads Sogaard,1.0,0.0,3.0
2024-2025,Marc-Andre Fleury,13.0,1.0,31.0
2024-2025,Matt Murray,4.0,0.0,9.0
2024-2025,Nico Daws,2.0,0.0,3.0
2024-2025,Petr Mrazek,17.0,0.0,48.0
2024-2025,Pheonix Copley,4.0,0.0,9.0
2024-2025,Philipp Grubauer,13.0,1.0,32.0
2024-2025,Pyotr Kochetkov,27.0,4.0,49.0
2024-2025,Sam Montembeault,17.0,0.0,43.0
2024-2025,Samuel Ersson,25.0,2.0,51.0
2024-2025,Scott Wedgewood,12.0,1.0,23.0
2024-2025,Semyon Varlamov,13.0,2.0,27.0
2024-2025,Sergei Bobrovsky,34.0,3.0,57.0
2024-2025,Spencer Knight,14.0,1.0,26.0
2024-2025,Spencer Martin,2.0,0.0,5.0
2024-2025,Stuart Skinner,36.0,2.0,59.0
2024-2025,Thatcher Demko,28.0,3.0,44.0
2024-2025,Tristan Jarry,20.0,1.0,53.0
2024-2025,Ukko-Pekka Luukkonen,29.0,4.0,53.0
2024-2025,Ville Husso,8.0,0.0,17.0
2024-2025,Vitek Vanecek,11.0,0.0,45.0
2024-2025,Yaroslav Askarov,1.0,0.0,3.0
2025-2026,Adin Hill,32.0,3.0,51.0
2025-2026,Akira Schmid,19.0,2.0,35.0
2025-2026,Alex Lyon,11.0,1.0,24.0
2025-2026,Alex Nedeljkovic,14.0,0.0,41.0
2025-2026,Andrei Vasilevskiy,37.0,5.0,63.0
2025-2026,Anthony Stolarz,27.0,4.0,42.0
2025-2026,Anton Forsberg,14.0,3.0,31.0
2025-2026,Arturs Silovs,14.0,1.0,30.0
2025-2026,Arvid Soderblom,10.0,0.0,36.0
2025-2026,Calvin Pickard,19.0,1.0,33.0
2025-2026,Cam Talbot,20.0,2.0,42.0
2025-2026,Casey DeSmith,14.0,1.0,27.0
2025-2026,Cayden Primeau,3.0,0.0,8.0
2025-2026,Charlie Lindgren,20.0,1.0,38.0
2025-2026,Colten Ellis,1.0,0.0,1.0
2025-2026,Connor Hellebuyck,41.0,6.0,62.0
2025-2026,Connor Ingram,4.0,0.0,10.0
2025-2026,Daniel Vladar,17.0,2.0,39.0
2025-2026,Daniil Tarasov,17.0,2.0,30.0
2025-2026,Darcy Kuemper,31.0,5.0,52.0
2025-2026,David Rittich,7.0,0.0,15.0
2025-2026,Dennis Hildeby,3.0,0.0,5.0
2025-2026,Devon Levi,6.0,0.0,10.0
2025-2026,Dustin Wolf,30.0,4.0,54.0
2025-2026,Elvis Merzlikins,23.0,1.0,53.0
2025-2026,Eric Comrie,10.0,1.0,22.0
2025-2026,Erik Portillo,1.0,0.0,2.0
2025-2026,Filip Gustavsson,32.0,5.0,59.0
2025-2026,Frederik Andersen,21.0,1.0,34.0
2025-2026,Igor Shesterkin,34.0,6.0,62.0
2025-2026,Ilya Sorokin,29.0,4.0,58.0
2025-2026,Ivan Fedotov,3.0,0.0,10.0
2025-2026,Ivan Prosvetov,16.0,1.0,33.0
2025-2026,Jacob Markstrom,27.0,4.0,50.0
2025-2026,Jake Allen,13.0,2.0,30.0
2025-2026,Jake Oettinger,37.0,3.0,59.0
2025-2026,Jakub Dobes,11.0,1.0,20.0
2025-2026,Jeremy Swayman,23.0,4.0,56.0
2025-2026,Jesper Wallstedt,3.0,0.0,8.0
2025-2026,Jet Greaves,15.0,2.0,33.0
2025-2026,Joel Blomqvist,3.0,0.0,9.0
2025-2026,Joel Hofer,15.0,0.0,30.0
2025-2026,Joey Daccord,27.0,3.0,57.0
2025-2026,John Gibson,22.0,1.0,44.0
2025-2026,Jonas Johansson,8.0,0.0,19.0
2025-2026,Jonathan Quick,10.0,1.0,23.0
2025-2026,Joonas Korpisalo,11.0,2.0,24.0
2025-2026,Jordan Binnington,29.0,3.0,56.0
2025-2026,Joseph Woll,21.0,1.0,36.0
2025-2026,Justus Annunen,10.0,0.0,25.0
2025-2026,Juuse Saros,25.0,3.0,61.0
2025-2026,Kaapo Kahkonen,2.0,0.0,5.0
2025-2026,Karel Vejmelka,30.0,2.0,58.0
2025-2026,Kevin Lankinen,18.0,1.0,37.0
2025-2026,Leevi Merilainen,16.0,2.0,30.0
2025-2026,Linus Ullmark,28.0,4.0,49.0
2025-2026,Logan Thompson,31.0,3.0,48.0
2025-2026,Lucas Dostal,26.0,2.0,55.0
2025-2026,Mackenzie Blackwood,35.0,4.0,57.0
2025-2026,Mads Sogaard,3.0,0.0,7.0
2025-2026,Matt Murray,2.0,0.0,5.0
2025-2026,Michael DiPietro,3.0,0.0,7.0
2025-2026,Nico Daws,2.0,0.0,4.0
2025-2026,Petr Mrazek,12.0,1.0,28.0
2025-2026,Philipp Grubauer,7.0,0.0,24.0
2025-2026,Pyotr Kochetkov,27.0,2.0,46.0
2025-2026,Sam Montembeault,31.0,4.0,60.0
2025-2026,Samuel Ersson,17.0,2.0,38.0
2025-2026,Scott Wedgewood,16.0,2.0,29.0
2025-2026,Sebastian Cossa,1.0,0.0,1.0
2025-2026,Semyon Varlamov,5.0,1.0,15.0
2025-2026,Sergei Bobrovsky,33.0,4.0,56.0
2025-2026,Spencer Knight,16.0,1.0,50.0
2025-2026,Stuart Skinner,29.0,3.0,53.0
2025-2026,Thatcher Demko,31.0,3.0,49.0
2025-2026,Tristan Jarry,24.0,3.0,48.0
2025-2026,Ukko-Pekka Luukkonen,28.0,3.0,54.0
2025-2026,Ville Husso,2.0,0.0,4.0
2025-2026,Vitek Vanecek,10.0,1.0,20.0
2025-2026,Yaroslav Askarov,17.0,1.0,45.0
